timestamp,EAR,MAR,blink_count,blink_rate,microsleeps,yawns
2025-11-16 20:29:50.407493,0.202,0.018,0,0.0,0,0
2025-11-16 20:29:50.501312,0.165,0.0,0,0.0,0,0
2025-11-16 20:29:50.518872,0.189,0.0,0,0.0,0,0
2025-11-16 20:29:50.535760,0.203,0.0,0,0.0,0,0
2025-11-16 20:29:50.547636,0.183,0.0,0,0.0,0,0
2025-11-16 20:29:50.583887,0.203,0.02,0,0.0,0,0
2025-11-16 20:29:50.616039,0.203,0.0,0,0.0,0,0
2025-11-16 20:29:50.651983,0.201,0.0,0,0.0,0,0
2025-11-16 20:29:50.681660,0.221,0.0,0,0.0,0,0
2025-11-16 20:29:50.713609,0.23,0.031,0,0.0,0,0
2025-11-16 20:29:50.764672,0.217,0.0,0,0.0,0,0
2025-11-16 20:29:50.792762,0.241,0.0,0,0.0,0,0
2025-11-16 20:29:50.827017,0.234,0.0,0,0.0,0,0
2025-11-16 20:29:50.860541,0.25,0.0,0,0.0,0,0
2025-11-16 20:29:50.891836,0.225,0.0,0,0.0,0,0
2025-11-16 20:29:50.924162,0.245,0.0,0,0.0,0,0
2025-11-16 20:29:50.959239,0.244,0.0,0,0.0,0,0
2025-11-16 20:29:50.987547,0.23,0.0,0,0.0,0,0
2025-11-16 20:29:51.020654,0.243,0.0,0,0.0,0,0
2025-11-16 20:29:51.052933,0.282,0.0,0,0.0,0,0
2025-11-16 20:29:51.076092,0.274,0.0,0,0.0,0,0
2025-11-16 20:29:51.131476,0.248,0.023,0,0.0,0,0
2025-11-16 20:29:51.164188,0.265,0.0,0,0.0,0,0
2025-11-16 20:29:51.196963,0.256,0.0,0,0.0,0,0
2025-11-16 20:29:51.227526,0.269,0.0,0,0.0,0,0
2025-11-16 20:29:51.254236,0.283,0.0,0,0.0,0,0
2025-11-16 20:29:51.282232,0.285,0.0,0,0.0,0,0
2025-11-16 20:29:51.314238,0.289,0.0,0,0.0,0,0
2025-11-16 20:29:51.347698,0.277,0.0,0,0.0,0,0
2025-11-16 20:29:51.391872,0.287,0.0,0,0.0,0,0
2025-11-16 20:29:51.414924,0.276,0.023,0,0.0,0,0
2025-11-16 20:29:51.426857,0.274,0.0,0,0.0,0,0
2025-11-16 20:29:51.466671,0.29,0.0,0,0.0,0,0
2025-11-16 20:29:51.500882,0.266,0.024,0,0.0,0,0
2025-11-16 20:29:51.564892,0.29,0.023,0,0.0,0,0
2025-11-16 20:29:51.596976,0.284,0.0,0,0.0,0,0
2025-11-16 20:29:51.628157,0.28,0.0,0,0.0,0,0
2025-11-16 20:29:51.657928,0.293,0.0,0,0.0,0,0
2025-11-16 20:29:51.690987,0.285,0.0,0,0.0,0,0
2025-11-16 20:29:51.722237,0.304,0.0,0,0.0,0,0
2025-11-16 20:29:51.757756,0.293,0.0,0,0.0,0,0
2025-11-16 20:29:51.769750,0.286,0.0,0,0.0,0,0
2025-11-16 20:29:51.783749,0.288,0.0,0,0.0,0,0
2025-11-16 20:29:51.835858,0.302,0.0,0,0.0,0,0
2025-11-16 20:29:51.867390,0.289,0.0,0,0.0,0,0
2025-11-16 20:29:51.899603,0.3,0.023,0,0.0,0,0
2025-11-16 20:29:51.964574,0.289,0.0,0,0.0,0,0
2025-11-16 20:29:51.995813,0.295,0.022,0,0.0,0,0
2025-11-16 20:29:52.029905,0.301,0.0,0,0.0,0,0
2025-11-16 20:29:52.057426,0.305,0.0,0,0.0,0,0
2025-11-16 20:29:52.088584,0.307,0.0,0,0.0,0,0
2025-11-16 20:29:52.123169,0.298,0.205,0,0.0,0,0
2025-11-16 20:29:52.137249,0.306,0.251,0,0.0,0,0
2025-11-16 20:29:52.152340,0.307,0.25,0,0.0,0,0
2025-11-16 20:29:52.205687,0.307,0.29,0,0.0,0,0
2025-11-16 20:29:52.239308,0.306,0.334,0,0.0,0,0
2025-11-16 20:29:52.261302,0.297,0.304,0,0.0,0,0
2025-11-16 20:29:52.324635,0.308,0.356,0,0.0,0,0
2025-11-16 20:29:52.359896,0.323,0.445,0,0.0,0,0
2025-11-16 20:29:52.395866,0.307,0.469,0,0.0,0,0
2025-11-16 20:29:52.427036,0.304,0.447,0,0.0,0,0
2025-11-16 20:29:52.461759,0.304,0.479,0,0.0,0,0
2025-11-16 20:29:52.490108,0.304,0.525,0,0.0,0,0
2025-11-16 20:29:52.503123,0.304,0.513,0,0.0,0,0
2025-11-16 20:29:52.534763,0.315,0.515,0,0.0,0,0
2025-11-16 20:29:52.570806,0.29,0.48,0,0.0,0,0
2025-11-16 20:29:52.603807,0.309,0.523,0,0.0,0,0
2025-11-16 20:29:52.634476,0.296,0.537,0,0.0,0,0
2025-11-16 20:29:52.670859,0.295,0.501,0,0.0,0,0
2025-11-16 20:29:52.698858,0.314,0.535,0,0.0,0,0
2025-11-16 20:29:52.763160,0.305,0.515,0,0.0,0,0
2025-11-16 20:29:52.794716,0.302,0.513,0,0.0,0,0
2025-11-16 20:29:52.824981,0.303,0.549,0,0.0,0,0
2025-11-16 20:29:52.853776,0.31,0.527,0,0.0,0,0
2025-11-16 20:29:52.865798,0.308,0.525,0,0.0,0,0
2025-11-16 20:29:52.906752,0.294,0.502,0,0.0,0,0
2025-11-16 20:29:52.940670,0.302,0.513,0,0.0,0,0
2025-11-16 20:29:52.971301,0.318,0.515,0,0.0,0,0
2025-11-16 20:29:53.004805,0.312,0.504,0,0.0,0,0
2025-11-16 20:29:53.034721,0.302,0.537,0,0.0,0,0
2025-11-16 20:29:53.068679,0.302,0.54,0,0.0,0,0
2025-11-16 20:29:53.101784,0.282,0.53,0,0.0,0,0
2025-11-16 20:29:53.162929,0.325,0.504,0,0.0,0,0
2025-11-16 20:29:53.195932,0.3,0.529,0,0.0,0,0
2025-11-16 20:29:53.224053,0.303,0.516,0,0.0,0,0
2025-11-16 20:29:53.245702,0.224,0.527,0,0.0,0,0
2025-11-16 20:29:53.266695,0.059,0.513,0,0.0,0,0
2025-11-16 20:29:53.302453,0.047,0.552,0,0.0,0,0
2025-11-16 20:29:53.340535,0.155,0.536,1,13.17,0,0
2025-11-16 20:29:53.372382,0.213,0.527,1,13.09,0,0
2025-11-16 20:29:53.403359,0.239,0.49,1,13.0,0,0
2025-11-16 20:29:53.435986,0.241,0.444,1,12.9,0,0
2025-11-16 20:29:53.465928,0.244,0.374,1,12.82,0,0
2025-11-16 20:29:53.499280,0.253,0.356,1,12.73,0,0
2025-11-16 20:29:53.565971,0.281,0.38,1,12.56,0,0
2025-11-16 20:29:53.580968,0.283,0.358,1,12.51,0,0
2025-11-16 20:29:53.612092,0.287,0.389,1,12.44,0,0
2025-11-16 20:29:53.642669,0.295,0.356,1,12.36,0,0
2025-11-16 20:29:53.673725,0.286,0.364,1,12.28,0,0
2025-11-16 20:29:53.705739,0.269,0.312,1,12.2,0,0
2025-11-16 20:29:53.741955,0.265,0.304,1,12.11,0,0
2025-11-16 20:29:53.769808,0.286,0.326,1,12.04,0,0
2025-11-16 20:29:53.802225,0.289,0.304,1,11.96,0,0
2025-11-16 20:29:53.835067,0.28,0.266,1,11.89,0,0
2025-11-16 20:29:53.867113,0.303,0.244,1,11.81,0,0
2025-11-16 20:29:53.898424,0.293,0.251,1,11.74,0,0
2025-11-16 20:29:53.933385,0.282,0.267,1,11.66,0,0
2025-11-16 20:29:53.977480,0.276,0.245,1,11.56,0,0
2025-11-16 20:29:54.013827,0.304,0.218,1,11.48,0,0
2025-11-16 20:29:54.043276,0.298,0.218,1,11.42,0,0
2025-11-16 20:29:54.074717,0.297,0.197,1,11.35,0,0
2025-11-16 20:29:54.105819,0.291,0.174,1,11.28,0,0
2025-11-16 20:29:54.139501,0.295,0.174,1,11.21,0,0
2025-11-16 20:29:54.172178,0.277,0.174,1,11.14,0,0
2025-11-16 20:29:54.203476,0.267,0.155,1,11.08,0,0
2025-11-16 20:29:54.235741,0.278,0.152,1,11.01,0,0
2025-11-16 20:29:54.260733,0.299,0.125,1,10.96,0,0
2025-11-16 20:29:54.296059,0.296,0.129,1,10.89,0,0
2025-11-16 20:29:54.346463,0.292,0.126,1,10.79,0,0
2025-11-16 20:29:54.382595,0.296,0.129,1,10.72,0,0
2025-11-16 20:29:54.411806,0.293,0.108,1,10.67,0,0
2025-11-16 20:29:54.446285,0.293,0.106,1,10.6,0,0
2025-11-16 20:29:54.476865,0.306,0.062,1,10.55,0,0
2025-11-16 20:29:54.506783,0.296,0.042,1,10.49,0,0
2025-11-16 20:29:54.539335,0.29,0.0,1,10.43,0,0
2025-11-16 20:29:54.572141,0.247,0.0,1,10.37,0,0
2025-11-16 20:29:54.606798,0.075,0.021,1,10.31,0,0
2025-11-16 20:29:54.631972,0.045,0.0,1,10.26,0,0
2025-11-16 20:29:54.680795,0.046,0.0,1,10.18,0,0
2025-11-16 20:29:54.713815,0.111,0.0,1,10.12,0,0
2025-11-16 20:29:54.747397,0.177,0.0,2,20.13,0,0
2025-11-16 20:29:54.780171,0.204,0.022,2,20.02,0,0
2025-11-16 20:29:54.814877,0.228,0.0,2,19.91,0,0
2025-11-16 20:29:54.842575,0.247,0.022,2,19.82,0,0
2025-11-16 20:29:54.875118,0.246,0.0,2,19.71,0,0
2025-11-16 20:29:54.906812,0.234,0.0,2,19.61,0,0
2025-11-16 20:29:54.938183,0.245,0.022,2,19.51,0,0
2025-11-16 20:29:54.971007,0.263,0.022,2,19.41,0,0
2025-11-16 20:29:55.006716,0.264,0.023,2,19.29,0,0
2025-11-16 20:29:55.049820,0.278,0.072,2,19.16,0,0
2025-11-16 20:29:55.082017,0.282,0.205,2,19.06,0,0
2025-11-16 20:29:55.115460,0.295,0.391,2,18.96,0,0
2025-11-16 20:29:55.146538,0.291,0.568,2,18.87,0,0
2025-11-16 20:29:55.179530,0.286,0.635,2,18.77,0,0
2025-11-16 20:29:55.210170,0.292,0.664,2,18.68,0,0
2025-11-16 20:29:55.245148,0.293,0.806,2,18.58,0,0
2025-11-16 20:29:55.266894,0.294,0.759,2,18.52,0,0
2025-11-16 20:29:55.305557,0.289,0.804,2,18.41,0,0
2025-11-16 20:29:55.338325,0.294,0.829,2,18.32,0,0
2025-11-16 20:29:55.387890,0.28,0.868,2,18.18,0,0
2025-11-16 20:29:55.419078,0.278,0.803,2,18.1,0,0
2025-11-16 20:29:55.457310,0.267,0.805,2,17.99,0,0
2025-11-16 20:29:55.478307,0.276,0.784,2,17.93,0,0
2025-11-16 20:29:55.514657,0.276,0.786,2,17.84,0,0
2025-11-16 20:29:55.546266,0.276,0.802,2,17.75,0,0
2025-11-16 20:29:55.578012,0.276,0.779,2,17.67,0,0
2025-11-16 20:29:55.610290,0.272,0.78,2,17.59,0,0
2025-11-16 20:29:55.641811,0.267,0.689,2,17.5,0,0
2025-11-16 20:29:55.681788,0.27,0.597,2,17.42,0,1
2025-11-16 20:29:55.703778,0.275,0.542,2,17.35,0,1
2025-11-16 20:29:55.752966,0.291,0.488,2,17.23,0,1
2025-11-16 20:29:55.778957,0.3,0.333,2,17.16,0,1
2025-11-16 20:29:55.811961,0.286,0.228,2,17.08,0,1
2025-11-16 20:29:55.844701,0.266,0.163,2,17.0,0,1
2025-11-16 20:29:55.876702,0.285,0.09,2,16.92,0,1
2025-11-16 20:29:55.911717,0.283,0.0,2,16.84,0,1
2025-11-16 20:29:55.944923,0.283,0.0,2,16.76,0,1
2025-11-16 20:29:55.971916,0.279,0.0,2,16.7,0,1
2025-11-16 20:29:56.012926,0.289,0.0,2,16.61,0,1
2025-11-16 20:29:56.043507,0.289,0.022,2,16.54,0,1
2025-11-16 20:29:56.066498,0.297,0.0,2,16.48,0,1
2025-11-16 20:29:56.118505,0.297,0.022,2,16.37,0,1
2025-11-16 20:29:56.151340,0.3,0.022,2,16.3,0,1
2025-11-16 20:29:56.178236,0.301,0.0,2,16.23,0,1
2025-11-16 20:29:56.210252,0.289,0.0,2,16.17,0,1
2025-11-16 20:29:56.250650,0.298,0.0,2,16.08,0,1
2025-11-16 20:29:56.278646,0.294,0.0,2,16.02,0,1
2025-11-16 20:29:56.307158,0.291,0.0,2,15.96,0,1
2025-11-16 20:29:56.350660,0.278,0.022,2,15.86,0,1
2025-11-16 20:29:56.376793,0.276,0.0,2,15.81,0,1
2025-11-16 20:29:56.404401,0.282,0.0,2,15.75,0,1
2025-11-16 20:29:56.451313,0.276,0.0,2,15.66,0,1
2025-11-16 20:29:56.487024,0.152,0.0,2,15.58,0,1
2025-11-16 20:29:56.524950,0.158,0.022,2,15.51,0,1
2025-11-16 20:29:56.558970,0.193,0.022,2,15.44,0,1
2025-11-16 20:29:56.585924,0.157,0.0,2,15.39,0,1
2025-11-16 20:29:56.611994,0.055,0.022,2,15.33,0,1
2025-11-16 20:29:56.644004,0.033,0.0,2,15.27,0,1
2025-11-16 20:29:56.674996,0.094,0.022,2,15.21,0,1
2025-11-16 20:29:56.709562,0.194,0.021,3,22.72,0,1
2025-11-16 20:29:56.738918,0.237,0.022,3,22.64,0,1
2025-11-16 20:29:56.770925,0.253,0.0,3,22.54,0,1
2025-11-16 20:29:56.821688,0.265,0.0,3,22.4,0,1
2025-11-16 20:29:56.855739,0.278,0.022,3,22.31,0,1
2025-11-16 20:29:56.891734,0.278,0.0,3,22.21,0,1
2025-11-16 20:29:56.920378,0.278,0.0,3,22.13,0,1
2025-11-16 20:29:56.954377,0.28,0.021,3,22.04,0,1
2025-11-16 20:29:56.985372,0.278,0.0,3,21.95,0,1
2025-11-16 20:29:57.013571,0.275,0.021,3,21.88,0,1
2025-11-16 20:29:57.045573,0.275,0.021,3,21.79,0,1
2025-11-16 20:29:57.079680,0.263,0.021,3,21.71,0,1
2025-11-16 20:29:57.110449,0.272,0.021,3,21.62,0,1
2025-11-16 20:29:57.138338,0.216,0.022,3,21.55,0,1
2025-11-16 20:29:57.191354,0.073,0.0,3,21.42,0,1
2025-11-16 20:29:57.226096,0.066,0.0,3,21.33,0,1
2025-11-16 20:29:57.256085,0.089,0.0,3,21.25,0,1
2025-11-16 20:29:57.286566,0.186,0.0,4,28.23,0,1
2025-11-16 20:29:57.319221,0.218,0.022,4,28.13,0,1
2025-11-16 20:29:57.352213,0.251,0.0,4,28.02,0,1
2025-11-16 20:29:57.381210,0.261,0.021,4,27.92,0,1
2025-11-16 20:29:57.419852,0.271,0.021,4,27.8,0,1
2025-11-16 20:29:57.450854,0.281,0.0,4,27.7,0,1
2025-11-16 20:29:57.481848,0.282,0.0,4,27.6,0,1
2025-11-16 20:29:57.526445,0.283,0.021,4,27.46,0,1
2025-11-16 20:29:57.555445,0.283,0.031,4,27.37,0,1
2025-11-16 20:29:57.585439,0.291,0.021,4,27.28,0,1
2025-11-16 20:29:57.625022,0.288,0.021,4,27.16,0,1
2025-11-16 20:29:57.656117,0.294,0.021,4,27.06,0,1
2025-11-16 20:29:57.685153,0.291,0.0,4,26.97,0,1
2025-11-16 20:29:57.721334,0.28,0.0,4,26.86,0,1
2025-11-16 20:29:57.753331,0.289,0.021,4,26.77,0,1
2025-11-16 20:29:57.782332,0.289,0.021,4,26.68,0,1
2025-11-16 20:29:57.811872,0.296,0.03,4,26.59,0,1
2025-11-16 20:29:57.830873,0.289,0.0,4,26.54,0,1
2025-11-16 20:29:57.850973,0.305,0.0,4,26.48,0,1
2025-11-16 20:29:57.925450,0.307,0.0,4,26.26,0,1
2025-11-16 20:29:57.954448,0.305,0.022,4,26.18,0,1
2025-11-16 20:29:57.992789,0.305,0.0,4,26.07,0,1
2025-11-16 20:29:58.025460,0.307,0.0,4,25.98,0,1
2025-11-16 20:29:58.060469,0.307,0.0,4,25.88,0,1
2025-11-16 20:29:58.090362,0.301,0.0,4,25.8,0,1
2025-11-16 20:29:58.117902,0.298,0.0,4,25.72,0,1
2025-11-16 20:29:58.152909,0.315,0.0,4,25.63,0,1
2025-11-16 20:29:58.179902,0.306,0.0,4,25.55,0,1
2025-11-16 20:29:58.193959,0.306,0.0,4,25.51,0,1
2025-11-16 20:29:58.214548,0.315,0.0,4,25.46,0,1
2025-11-16 20:29:58.267537,0.298,0.021,4,25.32,0,1
2025-11-16 20:29:58.297549,0.306,0.0,4,25.23,0,1
2025-11-16 20:29:58.355282,0.306,0.022,4,25.08,0,1
2025-11-16 20:29:58.388287,0.298,0.0,4,25.0,0,1
2025-11-16 20:29:58.421133,0.297,0.0,4,24.91,0,1
2025-11-16 20:29:58.455137,0.298,0.0,4,24.82,0,1
2025-11-16 20:29:58.492225,0.29,0.0,4,24.73,0,1
2025-11-16 20:29:58.520646,0.105,0.0,4,24.66,0,1
2025-11-16 20:29:58.552751,0.072,0.0,4,24.58,0,1
2025-11-16 20:29:58.561661,0.067,0.0,4,24.55,0,1
2025-11-16 20:29:58.595673,0.049,0.0,4,24.47,0,1
2025-11-16 20:29:58.631239,0.088,0.0,4,24.38,0,1
2025-11-16 20:29:58.668548,0.194,0.0,5,30.36,0,1
2025-11-16 20:29:58.723169,0.251,0.0,5,30.19,0,1
2025-11-16 20:29:58.760180,0.273,0.0,5,30.08,0,1
2025-11-16 20:29:58.793395,0.275,0.0,5,29.98,0,1
2025-11-16 20:29:58.824512,0.285,0.0,5,29.89,0,1
2025-11-16 20:29:58.856997,0.295,0.022,5,29.79,0,1
2025-11-16 20:29:58.895533,0.294,0.022,5,29.68,0,1
2025-11-16 20:29:58.919922,0.297,0.0,5,29.6,0,1
2025-11-16 20:29:58.934168,0.313,0.0,5,29.56,0,1
2025-11-16 20:29:58.968669,0.312,0.0,5,29.47,0,1
2025-11-16 20:29:59.002379,0.292,0.0,5,29.37,0,1
2025-11-16 20:29:59.032237,0.304,0.0,5,29.28,0,1
2025-11-16 20:29:59.063975,0.31,0.0,5,29.19,0,1
2025-11-16 20:29:59.098249,0.31,0.021,5,29.1,0,1
2025-11-16 20:29:59.161334,0.316,0.0,5,28.92,0,1
2025-11-16 20:29:59.193760,0.306,0.0,5,28.83,0,1
2025-11-16 20:29:59.226342,0.299,0.0,5,28.74,0,1
2025-11-16 20:29:59.252016,0.308,0.0,5,28.67,0,1
2025-11-16 20:29:59.270790,0.298,0.0,5,28.61,0,1
2025-11-16 20:29:59.290163,0.305,0.0,5,28.56,0,1
2025-11-16 20:29:59.341385,0.305,0.0,5,28.42,0,1
2025-11-16 20:29:59.369546,0.301,0.0,5,28.35,0,1
2025-11-16 20:29:59.400772,0.305,0.0,5,28.26,0,1
2025-11-16 20:29:59.433391,0.29,0.0,5,28.18,0,1
2025-11-16 20:29:59.466067,0.303,0.0,5,28.09,0,1
2025-11-16 20:29:59.499634,0.285,0.0,5,28.01,0,1
2025-11-16 20:29:59.565977,0.285,0.0,5,27.83,0,1
2025-11-16 20:29:59.593802,0.295,0.0,5,27.76,0,1
2025-11-16 20:29:59.625648,0.283,0.0,5,27.68,0,1
2025-11-16 20:29:59.638652,0.291,0.0,5,27.64,0,1
2025-11-16 20:29:59.674308,0.306,0.0,5,27.56,0,1
2025-11-16 20:29:59.708043,0.296,0.0,5,27.47,0,1
2025-11-16 20:29:59.739275,0.281,0.0,5,27.39,0,1
2025-11-16 20:29:59.773612,0.285,0.022,5,27.3,0,1
2025-11-16 20:29:59.801821,0.281,0.0,5,27.23,0,1
2025-11-16 20:29:59.832713,0.296,0.0,5,27.16,0,1
2025-11-16 20:29:59.865526,0.282,0.0,5,27.08,0,1
2025-11-16 20:29:59.899507,0.287,0.0,5,27.0,0,1
2025-11-16 20:29:59.966835,0.286,0.0,5,26.84,0,1
2025-11-16 20:29:59.979725,0.289,0.0,5,26.8,0,1
2025-11-16 20:29:59.987764,0.289,0.0,5,26.78,0,1
2025-11-16 20:30:00.043363,0.297,0.0,5,26.65,0,1
2025-11-16 20:30:00.073354,0.299,0.022,5,26.58,0,1
2025-11-16 20:30:00.104427,0.3,0.0,5,26.51,0,1
2025-11-16 20:30:00.136999,0.309,0.0,5,26.43,0,1
2025-11-16 20:30:00.170240,0.308,0.0,5,26.35,0,1
2025-11-16 20:30:00.204866,0.3,0.0,5,26.27,0,1
2025-11-16 20:30:00.233479,0.308,0.0,5,26.21,0,1
2025-11-16 20:30:00.259738,0.309,0.0,5,26.15,0,1
2025-11-16 20:30:00.297930,0.307,0.0,5,26.06,0,1
2025-11-16 20:30:00.330157,0.301,0.0,5,25.99,0,1
2025-11-16 20:30:00.364784,0.292,0.0,5,25.91,0,1
2025-11-16 20:30:00.414424,0.291,0.0,5,25.8,0,1
2025-11-16 20:30:00.443205,0.161,0.0,5,25.74,0,1
2025-11-16 20:30:00.474506,0.056,0.0,5,25.67,0,1
2025-11-16 20:30:00.505891,0.066,0.0,5,25.6,0,1
2025-11-16 20:30:00.538931,0.178,0.022,6,30.63,0,1
2025-11-16 20:30:00.570094,0.242,0.0,6,30.55,0,1
2025-11-16 20:30:00.601393,0.273,0.0,6,30.47,0,1
2025-11-16 20:30:00.634869,0.282,0.0,6,30.39,0,1
2025-11-16 20:30:00.664198,0.276,0.0,6,30.31,0,1
2025-11-16 20:30:00.699507,0.285,0.0,6,30.22,0,1
2025-11-16 20:30:00.745373,0.274,0.0,6,30.11,0,1
2025-11-16 20:30:00.776714,0.3,0.0,6,30.02,0,1
2025-11-16 20:30:00.809847,0.313,0.022,6,29.94,0,1
2025-11-16 20:30:00.845610,0.3,0.0,6,29.85,0,1
2025-11-16 20:30:00.873352,0.297,0.022,6,29.78,0,1
2025-11-16 20:30:00.907753,0.3,0.022,6,29.7,0,1
2025-11-16 20:30:00.936717,0.289,0.022,6,29.63,0,1
2025-11-16 20:30:00.972245,0.309,0.0,6,29.55,0,1
2025-11-16 20:30:01.000705,0.292,0.0,6,29.47,0,1
2025-11-16 20:30:01.034712,0.288,0.0,6,29.39,0,1
2025-11-16 20:30:01.064743,0.292,0.0,6,29.32,0,1
2025-11-16 20:30:01.111154,0.292,0.0,6,29.21,0,1
2025-11-16 20:30:01.146834,0.306,0.0,6,29.13,0,1
2025-11-16 20:30:01.177541,0.303,0.022,6,29.06,0,1
2025-11-16 20:30:01.209904,0.297,0.022,6,28.98,0,1
2025-11-16 20:30:01.241766,0.305,0.0,6,28.91,0,1
2025-11-16 20:30:01.277568,0.306,0.0,6,28.82,0,1
2025-11-16 20:30:01.305893,0.305,0.0,6,28.76,0,1
2025-11-16 20:30:01.338806,0.305,0.0,6,28.68,0,1
2025-11-16 20:30:01.372297,0.298,0.0,6,28.6,0,1
2025-11-16 20:30:01.402987,0.288,0.0,6,28.54,0,1
2025-11-16 20:30:01.433581,0.293,0.0,6,28.47,0,1
2025-11-16 20:30:01.485640,0.297,0.022,6,28.35,0,1
2025-11-16 20:30:01.512767,0.293,0.0,6,28.29,0,1
2025-11-16 20:30:01.544758,0.301,0.0,6,28.22,0,1
2025-11-16 20:30:01.576295,0.297,0.0,6,28.15,0,1
2025-11-16 20:30:01.608965,0.306,0.0,6,28.08,0,1
2025-11-16 20:30:01.641923,0.297,0.0,6,28.01,0,1
2025-11-16 20:30:01.675293,0.275,0.022,6,27.93,0,1
2025-11-16 20:30:01.709927,0.179,0.0,6,27.86,0,1
2025-11-16 20:30:01.738204,0.065,0.022,6,27.8,0,1
2025-11-16 20:30:01.771421,0.049,0.0,6,27.73,0,1
2025-11-16 20:30:01.818078,0.04,0.022,6,27.63,0,1
2025-11-16 20:30:01.849714,0.042,0.0,6,27.56,0,1
2025-11-16 20:30:01.881156,0.073,0.0,6,27.49,0,1
2025-11-16 20:30:01.915853,0.15,0.0,7,31.99,0,1
2025-11-16 20:30:01.947253,0.232,0.0,7,31.91,0,1
2025-11-16 20:30:01.979159,0.251,0.0,7,31.84,0,1
2025-11-16 20:30:02.012387,0.262,0.0,7,31.76,0,1
2025-11-16 20:30:02.040849,0.266,0.0,7,31.69,0,1
2025-11-16 20:30:02.072336,0.277,0.0,7,31.61,0,1
2025-11-16 20:30:02.108048,0.284,0.0,7,31.53,0,1
2025-11-16 20:30:02.139456,0.288,0.0,7,31.46,0,1
2025-11-16 20:30:02.185715,0.29,0.0,7,31.34,0,1
2025-11-16 20:30:02.217622,0.288,0.022,7,31.27,0,1
2025-11-16 20:30:02.248737,0.298,0.0,7,31.2,0,1
2025-11-16 20:30:02.281714,0.284,0.0,7,31.12,0,1
2025-11-16 20:30:02.316320,0.281,0.0,7,31.04,0,1
2025-11-16 20:30:02.348675,0.284,0.022,7,30.97,0,1
2025-11-16 20:30:02.378410,0.318,0.024,7,30.9,0,1
2025-11-16 20:30:02.412924,0.322,0.0,7,30.82,0,1
2025-11-16 20:30:02.442175,0.343,0.038,7,30.76,0,1
2025-11-16 20:30:02.473931,0.359,0.039,7,30.68,0,1
2025-11-16 20:30:02.505988,0.353,0.031,7,30.61,0,1
2025-11-16 20:30:02.558470,0.482,0.03,7,30.5,0,1
2025-11-16 20:30:02.585093,0.637,0.072,7,30.44,0,1
2025-11-16 20:30:02.616419,0.823,0.081,7,30.37,0,1
2025-11-16 20:30:02.648823,0.846,0.099,7,30.3,0,1
2025-11-16 20:30:02.681478,0.82,0.112,7,30.23,0,1
2025-11-16 20:30:02.714073,0.651,0.083,7,30.16,0,1
2025-11-16 20:30:02.745014,0.662,0.109,7,30.09,0,1
2025-11-16 20:30:02.781906,0.574,0.114,7,30.01,0,1
2025-11-16 20:30:02.812009,0.654,0.055,7,29.95,0,1
2025-11-16 20:30:02.842259,0.537,0.131,7,29.88,0,1
2025-11-16 20:30:02.890128,0.537,0.071,7,29.78,0,1
2025-11-16 20:30:02.920778,0.319,0.029,7,29.71,0,1
2025-11-16 20:30:02.954805,0.3,0.026,7,29.65,0,1
2025-11-16 20:30:02.989828,0.314,0.026,7,29.57,0,1
2025-11-16 20:30:03.016402,0.295,0.0,7,29.52,0,1
2025-11-16 20:30:03.049605,0.301,0.0,7,29.45,0,1
2025-11-16 20:30:03.080451,0.274,0.021,7,29.38,0,1
2025-11-16 20:30:03.114107,0.267,0.0,7,29.32,0,1
2025-11-16 20:30:03.145065,0.286,0.0,7,29.25,0,1
2025-11-16 20:30:03.184183,0.29,0.0,7,29.17,0,1
2025-11-16 20:30:03.212133,0.293,0.0,7,29.11,0,1
2025-11-16 20:30:03.256468,0.28,0.0,7,29.03,0,1
2025-11-16 20:30:03.288526,0.306,0.0,7,28.96,0,1
2025-11-16 20:30:03.321805,0.298,0.0,7,28.9,0,1
2025-11-16 20:30:03.353367,0.296,0.0,7,28.83,0,1
2025-11-16 20:30:03.387245,0.296,0.0,7,28.77,0,1
2025-11-16 20:30:03.421273,0.257,0.0,7,28.7,0,1
2025-11-16 20:30:03.449616,0.096,0.0,7,28.65,0,1
2025-11-16 20:30:03.481741,0.054,0.0,7,28.58,0,1
2025-11-16 20:30:03.514041,0.136,0.0,7,28.52,0,1
2025-11-16 20:30:03.544849,0.206,0.022,8,32.52,0,1
2025-11-16 20:30:03.577185,0.237,0.0,8,32.45,0,1
2025-11-16 20:30:03.628914,0.251,0.0,8,32.34,0,1
2025-11-16 20:30:03.657895,0.249,0.0,8,32.28,0,1
2025-11-16 20:30:03.689108,0.274,0.0,8,32.21,0,1
2025-11-16 20:30:03.722336,0.281,0.0,8,32.14,0,1
2025-11-16 20:30:03.755845,0.301,0.0,8,32.07,0,1
2025-11-16 20:30:03.784987,0.288,0.0,8,32.0,0,1
2025-11-16 20:30:03.820132,0.231,0.0,8,31.93,0,1
2025-11-16 20:30:03.852881,0.222,0.0,8,31.86,0,1
2025-11-16 20:30:03.881726,0,0,8,31.8,0,1
2025-11-16 20:30:03.917654,0.285,0.025,9,35.69,0,1
2025-11-16 20:30:03.961556,0.315,0.0,9,35.58,0,1
2025-11-16 20:30:03.996870,0.298,0.0,9,35.5,0,1
2025-11-16 20:30:04.028119,0.293,0.0,9,35.43,0,1
2025-11-16 20:30:04.061648,0.276,0.0,9,35.35,0,1
2025-11-16 20:30:04.090246,0.285,0.0,9,35.29,0,1
2025-11-16 20:30:04.123084,0.288,0.0,9,35.21,0,1
2025-11-16 20:30:04.154335,0.298,0.0,9,35.14,0,1
2025-11-16 20:30:04.185918,0.288,0.0,9,35.07,0,1
2025-11-16 20:30:04.217960,0.286,0.0,9,34.99,0,1
2025-11-16 20:30:04.252916,0.277,0.0,9,34.91,0,1
2025-11-16 20:30:04.282643,0.297,0.0,9,34.85,0,1
2025-11-16 20:30:04.329230,0.311,0.022,9,34.74,0,1
2025-11-16 20:30:04.363072,0.306,0.0,9,34.67,0,1
2025-11-16 20:30:04.394131,0.313,0.0,9,34.6,0,1
2025-11-16 20:30:04.427071,0.289,0.0,9,34.53,0,1
2025-11-16 20:30:04.458645,0.281,0.0,9,34.46,0,1
2025-11-16 20:30:04.494714,0.287,0.0,9,34.38,0,1
2025-11-16 20:30:04.522540,0.279,0.0,9,34.32,0,1
2025-11-16 20:30:04.554326,0.29,0.022,9,34.25,0,1
2025-11-16 20:30:04.584469,0.294,0.022,9,34.18,0,1
2025-11-16 20:30:04.618745,0.321,0.0,9,34.11,0,1
2025-11-16 20:30:04.636345,0.3,0.0,9,34.07,0,1
2025-11-16 20:30:04.664366,0.296,0.022,9,34.01,0,1
2025-11-16 20:30:04.701003,0.315,0.0,9,33.93,0,1
2025-11-16 20:30:04.761045,0.314,0.023,9,33.8,0,1
2025-11-16 20:30:04.793706,0.325,0.022,9,33.74,0,1
2025-11-16 20:30:04.825233,0.314,0.0,9,33.67,0,1
2025-11-16 20:30:04.857909,0.32,0.0,9,33.6,0,1
2025-11-16 20:30:04.891193,0.308,0.023,9,33.53,0,1
2025-11-16 20:30:04.926338,0.313,0.024,9,33.46,0,1
2025-11-16 20:30:04.954942,0.308,0.0,9,33.4,0,1
2025-11-16 20:30:04.984711,0.272,0.0,9,33.34,0,1
2025-11-16 20:30:05.012792,0.276,0.022,9,33.28,0,1
2025-11-16 20:30:05.037716,0.264,0.0,9,33.23,0,1
2025-11-16 20:30:05.064208,0.309,0.0,9,33.17,0,1
2025-11-16 20:30:05.097058,0.317,0.0,9,33.11,0,1
2025-11-16 20:30:05.164565,0.315,0.0,9,32.97,0,1
2025-11-16 20:30:05.193189,0.316,0.024,9,32.91,0,1
2025-11-16 20:30:05.225677,0.317,0.0,9,32.85,0,1
2025-11-16 20:30:05.256810,0.322,0.0,9,32.79,0,1
2025-11-16 20:30:05.290999,0.309,0.0,9,32.72,0,1
2025-11-16 20:30:05.326631,0.309,0.0,9,32.65,0,1
2025-11-16 20:30:05.340054,0.322,0.0,9,32.62,0,1
2025-11-16 20:30:05.364772,0.331,0.024,9,32.57,0,1
2025-11-16 20:30:05.401404,0.336,0.0,9,32.5,0,1
2025-11-16 20:30:05.433524,0.326,0.023,9,32.44,0,1
2025-11-16 20:30:05.466058,0.338,0.023,9,32.37,0,1
2025-11-16 20:30:05.496531,0.336,0.0,9,32.32,0,1
2025-11-16 20:30:05.565427,0.321,0.0,9,32.18,0,1
2025-11-16 20:30:05.593883,0.331,0.0,9,32.13,0,1
2025-11-16 20:30:05.626503,0.31,0.0,9,32.07,0,1
2025-11-16 20:30:05.659878,0.329,0.0,9,32.0,0,1
2025-11-16 20:30:05.691484,0.286,0.0,9,31.95,0,1
2025-11-16 20:30:05.704483,0.307,0.0,9,31.92,0,1
2025-11-16 20:30:05.737041,0.264,0.024,9,31.86,0,1
2025-11-16 20:30:05.770286,0.206,0.023,9,31.79,0,1
2025-11-16 20:30:05.801590,0.313,0.0,9,31.74,0,1
2025-11-16 20:30:05.832778,0.312,0.0,9,31.68,0,1
2025-11-16 20:30:05.867351,0.323,0.024,9,31.62,0,1
2025-11-16 20:30:05.897919,0.312,0.0,9,31.56,0,1
2025-11-16 20:30:05.960552,0.332,0.0,9,31.44,0,1
2025-11-16 20:30:05.997424,0.315,0.024,9,31.38,0,1
2025-11-16 20:30:06.025461,0.337,0.0,9,31.32,0,1
2025-11-16 20:30:06.039488,0.329,0.0,9,31.3,0,1
2025-11-16 20:30:06.066108,0.329,0.0,9,31.25,0,1
2025-11-16 20:30:06.104539,0.322,0.0,9,31.18,0,1
2025-11-16 20:30:06.138538,0.334,0.0,9,31.12,0,1
2025-11-16 20:30:06.170753,0.309,0.0,9,31.06,0,1
2025-11-16 20:30:06.206631,0.333,0.024,9,31.0,0,1
2025-11-16 20:30:06.233981,0.339,0.024,9,30.95,0,1
2025-11-16 20:30:06.265710,0.337,0.0,9,30.9,0,1
2025-11-16 20:30:06.297121,0.338,0.0,9,30.84,0,1
2025-11-16 20:30:06.360942,0.335,0.0,9,30.73,0,1
2025-11-16 20:30:06.398322,0.321,0.025,9,30.66,0,1
2025-11-16 20:30:06.408312,0.322,0.0,9,30.64,0,1
2025-11-16 20:30:06.435818,0.317,0.0,9,30.6,0,1
2025-11-16 20:30:06.472705,0.311,0.026,9,30.53,0,1
2025-11-16 20:30:06.507019,0.33,0.034,9,30.47,0,1
2025-11-16 20:30:06.538420,0.285,0.034,9,30.42,0,1
2025-11-16 20:30:06.569760,0.262,0.023,9,30.37,0,1
2025-11-16 20:30:06.601801,0,0,9,30.31,0,1
2025-11-16 20:30:06.641855,0,0,9,30.24,0,1
2025-11-16 20:30:06.672764,0,0,9,30.19,0,1
2025-11-16 20:30:06.699826,0,0,9,30.15,0,1
2025-11-16 20:30:06.766050,0,0,9,30.03,0,1
2025-11-16 20:30:06.784654,0,0,9,30.0,0,1
2025-11-16 20:30:06.811683,0,0,9,29.96,0,1
2025-11-16 20:30:06.847714,0,0,9,29.9,0,1
2025-11-16 20:30:06.877294,0.267,0.0,10,33.17,0,1
2025-11-16 20:30:06.906846,0.239,0.0,10,33.11,0,1
2025-11-16 20:30:06.938201,0.32,0.027,10,33.06,0,1
2025-11-16 20:30:06.969554,0.287,0.026,10,33.0,0,1
2025-11-16 20:30:07.001763,0.318,0.0,10,32.94,0,1
2025-11-16 20:30:07.033939,0.325,0.0,10,32.88,0,1
2025-11-16 20:30:07.070772,0.308,0.0,10,32.82,0,1
2025-11-16 20:30:07.098698,0.339,0.0,10,32.76,0,1
2025-11-16 20:30:07.132008,0.315,0.0,10,32.71,0,1
2025-11-16 20:30:07.178738,0.323,0.0,10,32.62,0,1
2025-11-16 20:30:07.211261,0.304,0.0,10,32.57,0,1
2025-11-16 20:30:07.241637,0.323,0.023,10,32.51,0,1
2025-11-16 20:30:07.277881,0.312,0.024,10,32.45,0,1
2025-11-16 20:30:07.307061,0.31,0.024,10,32.4,0,1
2025-11-16 20:30:07.337904,0.306,0.0,10,32.34,0,1
2025-11-16 20:30:07.371497,0.248,0.0,10,32.28,0,1
2025-11-16 20:30:07.401105,0.121,0.0,10,32.23,0,1
2025-11-16 20:30:07.437644,0.135,0.024,10,32.17,0,1
2025-11-16 20:30:07.469146,0.236,0.0,11,35.33,0,1
2025-11-16 20:30:07.498747,0.282,0.0,11,35.27,0,1
2025-11-16 20:30:07.545740,0.287,0.024,11,35.18,0,1
2025-11-16 20:30:07.577062,0.3,0.0,11,35.12,0,1
2025-11-16 20:30:07.608845,0.248,0.0,11,35.06,0,1
2025-11-16 20:30:07.641536,0.101,0.0,11,35.0,0,1
2025-11-16 20:30:07.675487,0.062,0.0,11,34.94,0,1
2025-11-16 20:30:07.708044,0.131,0.023,11,34.88,0,1
2025-11-16 20:30:07.738138,0.183,0.0,12,37.99,0,1
2025-11-16 20:30:07.772208,0.239,0.023,12,37.93,0,1
2025-11-16 20:30:07.801971,0.249,0.023,12,37.86,0,1
2025-11-16 20:30:07.833106,0.269,0.0,12,37.8,0,1
2025-11-16 20:30:07.880414,0.285,0.0,12,37.71,0,1
2025-11-16 20:30:07.916899,0.277,0.022,12,37.64,0,1
2025-11-16 20:30:07.945610,0.269,0.0,12,37.58,0,1
2025-11-16 20:30:07.977188,0.275,0.0,12,37.52,0,1
2025-11-16 20:30:08.008916,0.283,0.022,12,37.46,0,1
2025-11-16 20:30:08.041680,0.29,0.0,12,37.39,0,1
2025-11-16 20:30:08.073732,0.29,0.0,12,37.33,0,1
2025-11-16 20:30:08.105393,0.252,0.0,12,37.27,0,1
2025-11-16 20:30:08.139963,0.287,0.023,12,37.2,0,1
2025-11-16 20:30:08.173993,0.265,0.0,12,37.14,0,1
2025-11-16 20:30:08.202736,0.288,0.0,12,37.08,0,1
2025-11-16 20:30:08.250800,0.282,0.022,12,36.99,0,1
2025-11-16 20:30:08.281808,0.288,0.0,12,36.93,0,1
2025-11-16 20:30:08.314979,0.28,0.0,12,36.87,0,1
2025-11-16 20:30:08.350255,0.289,0.0,12,36.8,0,1
2025-11-16 20:30:08.376772,0.281,0.0,12,36.75,0,1
2025-11-16 20:30:08.409277,0.301,0.0,12,36.69,0,1
2025-11-16 20:30:08.441873,0.271,0.0,12,36.63,0,1
2025-11-16 20:30:08.473613,0.271,0.0,12,36.57,0,1
2025-11-16 20:30:08.506984,0.287,0.022,12,36.51,0,1
2025-11-16 20:30:08.542186,0.292,0.023,12,36.45,0,1
2025-11-16 20:30:08.568780,0.28,0.0,12,36.4,0,1
2025-11-16 20:30:08.619144,0.288,0.0,12,36.31,0,1
2025-11-16 20:30:08.648845,0.282,0.0,12,36.25,0,1
2025-11-16 20:30:08.681628,0.299,0.0,12,36.19,0,1
2025-11-16 20:30:08.713870,0.293,0.0,12,36.13,0,1
2025-11-16 20:30:08.745094,0.284,0.023,12,36.08,0,1
2025-11-16 20:30:08.782706,0.253,0.031,12,36.01,0,1
2025-11-16 20:30:08.806863,0.083,0.0,12,35.96,0,1
2025-11-16 20:30:08.842086,0.043,0.0,12,35.9,0,1
2025-11-16 20:30:08.875459,0.041,0.0,12,35.84,0,1
2025-11-16 20:30:08.906502,0.087,0.0,12,35.79,0,1
2025-11-16 20:30:08.954806,0.145,0.0,13,38.68,0,1
2025-11-16 20:30:08.990895,0.184,0.023,13,38.61,0,1
2025-11-16 20:30:09.016771,0.212,0.022,13,38.56,0,1
2025-11-16 20:30:09.049003,0.219,0.0,13,38.49,0,1
2025-11-16 20:30:09.081793,0.244,0.0,13,38.43,0,1
2025-11-16 20:30:09.113016,0.226,0.0,13,38.37,0,1
2025-11-16 20:30:09.145685,0.237,0.0,13,38.31,0,1
2025-11-16 20:30:09.179691,0.242,0.0,13,38.25,0,1
2025-11-16 20:30:09.212178,0.263,0.0,13,38.19,0,1
2025-11-16 20:30:09.243985,0.261,0.0,13,38.13,0,1
2025-11-16 20:30:09.274123,0.266,0.022,13,38.07,0,1
2025-11-16 20:30:09.320705,0.253,0.0,13,37.99,0,1
2025-11-16 20:30:09.355940,0.248,0.022,13,37.92,0,1
2025-11-16 20:30:09.385805,0.258,0.0,13,37.87,0,1
2025-11-16 20:30:09.420099,0.252,0.0,13,37.8,0,1
2025-11-16 20:30:09.451697,0.265,0.0,13,37.74,0,1
2025-11-16 20:30:09.482146,0.284,0.0,13,37.69,0,1
2025-11-16 20:30:09.513904,0.275,0.0,13,37.63,0,1
2025-11-16 20:30:09.546166,0.286,0.02,13,37.57,0,1
2025-11-16 20:30:09.577162,0.284,0.0,13,37.52,0,1
2025-11-16 20:30:09.612671,0.263,0.0,13,37.45,0,1
2025-11-16 20:30:09.642306,0.285,0.0,13,37.4,0,1
2025-11-16 20:30:09.688868,0.256,0.0,13,37.32,0,1
2025-11-16 20:30:09.722120,0.27,0.0,13,37.26,0,1
2025-11-16 20:30:09.752788,0.256,0.02,13,37.2,0,1
2025-11-16 20:30:09.784833,0.257,0.02,13,37.15,0,1
2025-11-16 20:30:09.817615,0.118,0.02,13,37.09,0,1
2025-11-16 20:30:09.854597,0.085,0.0,13,37.02,0,1
2025-11-16 20:30:09.882310,0.065,0.0,13,36.97,0,1
2025-11-16 20:30:09.913936,0.061,0.0,13,36.92,0,1
2025-11-16 20:30:09.947068,0.078,0.02,13,36.86,0,1
2025-11-16 20:30:09.978553,0.065,0.0,13,36.81,0,1
2025-11-16 20:30:10.024770,0.069,0.0,13,36.73,0,1
2025-11-16 20:30:10.062559,0.052,0.0,13,36.66,0,1
2025-11-16 20:30:10.089209,0.048,0.0,13,36.61,0,1
2025-11-16 20:30:10.120982,0.037,0.023,13,36.56,0,1
2025-11-16 20:30:10.152458,0.031,0.0,13,36.51,0,1
2025-11-16 20:30:10.187355,0.037,0.0,13,36.45,0,1
2025-11-16 20:30:10.220559,0.05,0.0,13,36.39,0,1
2025-11-16 20:30:10.250019,0.046,0.022,13,36.34,0,1
2025-11-16 20:30:10.285337,0.054,0.0,13,36.28,0,1
2025-11-16 20:30:10.313175,0.051,0.0,13,36.23,0,1
2025-11-16 20:30:10.344945,0.055,0.0,13,36.18,0,1
2025-11-16 20:30:10.393515,0.057,0.0,13,36.1,0,1
2025-11-16 20:30:10.427800,0.035,0.0,13,36.05,1,1
2025-11-16 20:30:10.458204,0.036,0.0,13,35.99,1,1
2025-11-16 20:30:10.486398,0.039,0.0,13,35.95,1,1
2025-11-16 20:30:10.521967,0.038,0.0,13,35.89,1,1
2025-11-16 20:30:10.554637,0.077,0.033,13,35.83,1,1
2025-11-16 20:30:10.586801,0.202,0.0,14,38.53,1,1
2025-11-16 20:30:10.611519,0.237,0.0,14,38.49,1,1
2025-11-16 20:30:10.643730,0.246,0.0,14,38.43,1,1
2025-11-16 20:30:10.682569,0.265,0.0,14,38.36,1,1
2025-11-16 20:30:10.713903,0.256,0.0,14,38.31,1,1
2025-11-16 20:30:10.760718,0.251,0.0,14,38.23,1,1
2025-11-16 20:30:10.792289,0.262,0.0,14,38.17,1,1
2025-11-16 20:30:10.825592,0.269,0.0,14,38.12,1,1
2025-11-16 20:30:10.854640,0.256,0.0,14,38.06,1,1
2025-11-16 20:30:10.883652,0.265,0.0,14,38.01,1,1
2025-11-16 20:30:10.920202,0.272,0.0,14,37.95,1,1
2025-11-16 20:30:10.946648,0.28,0.0,14,37.91,1,1
2025-11-16 20:30:10.979720,0.27,0.0,14,37.85,1,1
2025-11-16 20:30:11.010721,0.271,0.0,14,37.8,1,1
2025-11-16 20:30:11.041393,0.269,0.0,14,37.74,1,1
2025-11-16 20:30:11.062793,0.298,0.0,14,37.71,1,1
2025-11-16 20:30:11.134714,0.299,0.0,14,37.59,1,1
2025-11-16 20:30:11.161475,0.291,0.0,14,37.54,1,1
2025-11-16 20:30:11.193192,0.292,0.0,14,37.49,1,1
2025-11-16 20:30:11.225785,0.29,0.0,14,37.43,1,1
2025-11-16 20:30:11.259591,0.29,0.0,14,37.38,1,1
2025-11-16 20:30:11.289777,0.297,0.0,14,37.33,1,1
2025-11-16 20:30:11.321366,0.284,0.021,14,37.28,1,1
2025-11-16 20:30:11.357705,0.29,0.0,14,37.22,1,1
2025-11-16 20:30:11.389125,0.286,0.021,14,37.16,1,1
2025-11-16 20:30:11.408115,0.286,0.0,14,37.13,1,1
2025-11-16 20:30:11.421829,0.295,0.0,14,37.11,1,1
2025-11-16 20:30:11.466682,0.286,0.0,14,37.04,1,1
2025-11-16 20:30:11.499547,0.288,0.0,14,36.98,1,1
2025-11-16 20:30:11.565336,0.296,0.0,14,36.88,1,1
2025-11-16 20:30:11.593638,0.322,0.0,14,36.83,1,1
2025-11-16 20:30:11.625921,0.286,0.0,14,36.78,1,1
2025-11-16 20:30:11.656503,0.308,0.0,14,36.73,1,1
2025-11-16 20:30:11.690886,0.322,0.0,14,36.68,1,1
2025-11-16 20:30:11.721367,0.283,0.0,14,36.63,1,1
2025-11-16 20:30:11.758164,0.294,0.0,14,36.57,1,1
2025-11-16 20:30:11.782334,0.281,0.0,14,36.53,1,1
2025-11-16 20:30:11.795926,0.315,0.0,14,36.51,1,1
2025-11-16 20:30:11.832466,0.299,0.0,14,36.45,1,1
2025-11-16 20:30:11.869282,0.308,0.0,14,36.39,1,1
2025-11-16 20:30:11.901039,0.299,0.023,14,36.34,1,1
2025-11-16 20:30:11.961829,0.282,0.0,14,36.25,1,1
2025-11-16 20:30:11.997989,0.302,0.0,14,36.19,1,1
2025-11-16 20:30:12.024860,0.315,0.024,14,36.15,1,1
2025-11-16 20:30:12.056549,0.277,0.0,14,36.1,1,1
2025-11-16 20:30:12.089357,0.285,0.0,14,36.05,1,1
2025-11-16 20:30:12.123383,0.284,0.0,14,35.99,1,1
2025-11-16 20:30:12.149699,0.285,0.0,14,35.95,1,1
2025-11-16 20:30:12.169769,0.277,0.0,14,35.92,1,1
2025-11-16 20:30:12.205768,0.275,0.0,14,35.87,1,1
2025-11-16 20:30:12.234866,0.295,0.0,14,35.82,1,1
2025-11-16 20:30:12.258965,0.296,0.0,14,35.79,1,1
2025-11-16 20:30:12.329637,0.297,0.0,14,35.68,1,1
2025-11-16 20:30:12.362264,0.288,0.0,14,35.63,1,1
2025-11-16 20:30:12.394171,0.271,0.0,14,35.58,1,1
2025-11-16 20:30:12.428553,0.288,0.0,14,35.53,1,1
2025-11-16 20:30:12.458237,0.297,0.0,14,35.49,1,1
2025-11-16 20:30:12.470993,0.297,0.0,14,35.47,1,1
2025-11-16 20:30:12.486996,0.283,0.0,14,35.44,1,1
2025-11-16 20:30:12.539215,0.287,0.0,14,35.37,1,1
2025-11-16 20:30:12.569101,0.294,0.0,14,35.32,1,1
2025-11-16 20:30:12.602029,0.295,0.023,14,35.27,1,1
2025-11-16 20:30:12.636358,0.293,0.0,14,35.22,1,1
2025-11-16 20:30:12.667155,0.285,0.0,14,35.18,1,1
2025-11-16 20:30:12.698184,0.284,0.0,14,35.13,1,1
2025-11-16 20:30:12.761935,0.29,0.0,14,35.04,1,1
2025-11-16 20:30:12.795257,0.272,0.0,14,34.99,1,1
2025-11-16 20:30:12.830618,0.281,0.0,14,34.94,1,1
2025-11-16 20:30:12.845053,0.287,0.0,14,34.92,1,1
2025-11-16 20:30:12.857251,0.285,0.0,14,34.9,1,1
2025-11-16 20:30:12.905305,0.283,0.0,14,34.83,1,1
2025-11-16 20:30:12.938818,0.285,0.0,14,34.78,1,1
2025-11-16 20:30:12.971990,0.281,0.022,14,34.73,1,1
2025-11-16 20:30:13.004442,0.287,0.0,14,34.68,1,1
2025-11-16 20:30:13.036885,0.29,0.0,14,34.64,1,1
2025-11-16 20:30:13.070053,0.287,0.029,14,34.59,1,1
2025-11-16 20:30:13.094328,0.29,0.022,14,34.56,1,1
2025-11-16 20:30:13.160833,0.309,0.022,14,34.46,1,1
2025-11-16 20:30:13.191935,0.299,0.0,14,34.42,1,1
2025-11-16 20:30:13.217202,0.293,0.0,14,34.38,1,1
2025-11-16 20:30:13.243195,0.294,0.0,14,34.35,1,1
2025-11-16 20:30:13.277046,0.308,0.0,14,34.3,1,1
2025-11-16 20:30:13.305155,0.303,0.0,14,34.26,1,1
2025-11-16 20:30:13.339181,0.297,0.0,14,34.21,1,1
2025-11-16 20:30:13.370822,0.288,0.0,14,34.17,1,1
2025-11-16 20:30:13.402008,0.293,0.0,14,34.12,1,1
2025-11-16 20:30:13.433320,0.296,0.0,14,34.08,1,1
2025-11-16 20:30:13.464071,0.255,0.0,14,34.04,1,1
2025-11-16 20:30:13.501889,0.158,0.0,14,33.99,1,1
2025-11-16 20:30:13.528907,0.075,0.022,14,33.95,1,1
2025-11-16 20:30:13.561632,0.069,0.0,14,33.91,1,1
2025-11-16 20:30:13.608758,0.162,0.0,15,36.26,1,1
2025-11-16 20:30:13.640543,0.213,0.0,15,36.21,1,1
2025-11-16 20:30:13.675258,0.243,0.0,15,36.16,1,1
2025-11-16 20:30:13.706811,0.284,0.0,15,36.12,1,1
2025-11-16 20:30:13.738324,0.272,0.022,15,36.07,1,1
2025-11-16 20:30:13.769112,0.271,0.0,15,36.03,1,1
2025-11-16 20:30:13.800688,0.294,0.0,15,35.98,1,1
2025-11-16 20:30:13.834087,0.304,0.023,15,35.93,1,1
2025-11-16 20:30:13.865820,0.3,0.0,15,35.89,1,1
2025-11-16 20:30:13.901266,0.283,0.0,15,35.84,1,1
2025-11-16 20:30:13.930041,0.297,0.0,15,35.8,1,1
2025-11-16 20:30:13.977965,0.267,0.024,15,35.73,1,1
2025-11-16 20:30:14.010193,0.285,0.034,15,35.68,1,1
2025-11-16 20:30:14.042030,0.284,0.0,15,35.64,1,1
2025-11-16 20:30:14.074918,0.288,0.0,15,35.59,1,1
2025-11-16 20:30:14.104922,0.28,0.0,15,35.55,1,1
2025-11-16 20:30:14.139813,0.302,0.0,15,35.5,1,1
2025-11-16 20:30:14.168638,0.292,0.0,15,35.46,1,1
2025-11-16 20:30:14.200554,0.304,0.0,15,35.41,1,1
2025-11-16 20:30:14.234324,0.305,0.0,15,35.37,1,1
2025-11-16 20:30:14.267894,0.295,0.0,15,35.32,1,1
2025-11-16 20:30:14.313197,0.298,0.0,15,35.26,1,1
2025-11-16 20:30:14.349470,0.276,0.0,15,35.21,1,1
2025-11-16 20:30:14.379236,0.307,0.0,15,35.17,1,1
2025-11-16 20:30:14.410643,0.31,0.0,15,35.12,1,1
2025-11-16 20:30:14.442807,0.309,0.0,15,35.08,1,1
2025-11-16 20:30:14.474574,0.299,0.0,15,35.04,1,1
2025-11-16 20:30:14.504931,0.247,0.0,15,35.0,1,1
2025-11-16 20:30:14.538811,0.072,0.023,15,34.95,1,1
2025-11-16 20:30:14.569531,0.038,0.0,15,34.91,1,1
2025-11-16 20:30:14.601221,0.044,0.0,15,34.86,1,1
2025-11-16 20:30:14.633917,0.067,0.0,15,34.82,1,1
2025-11-16 20:30:14.681157,0.174,0.0,16,37.07,1,1
2025-11-16 20:30:14.714921,0.241,0.0,16,37.02,1,1
2025-11-16 20:30:14.745176,0.24,0.0,16,36.98,1,1
2025-11-16 20:30:14.781580,0.259,0.0,16,36.93,1,1
2025-11-16 20:30:14.810117,0.264,0.0,16,36.89,1,1
2025-11-16 20:30:14.844336,0.269,0.0,16,36.84,1,1
2025-11-16 20:30:14.875455,0.271,0.0,16,36.8,1,1
2025-11-16 20:30:14.905347,0.254,0.0,16,36.76,1,1
2025-11-16 20:30:14.936867,0.268,0.022,16,36.71,1,1
2025-11-16 20:30:14.974193,0.252,0.022,16,36.66,1,1
2025-11-16 20:30:15.019090,0.27,0.0,16,36.6,1,1
2025-11-16 20:30:15.048631,0.252,0.0,16,36.55,1,1
2025-11-16 20:30:15.082789,0.261,0.0,16,36.51,1,1
2025-11-16 20:30:15.114394,0.265,0.022,16,36.46,1,1
2025-11-16 20:30:15.145028,0.265,0.022,16,36.42,1,1
2025-11-16 20:30:15.178303,0.26,0.0,16,36.37,1,1
2025-11-16 20:30:15.212200,0.277,0.045,16,36.33,1,1
2025-11-16 20:30:15.244756,0.282,0.311,16,36.28,1,1
2025-11-16 20:30:15.274827,0.282,0.479,16,36.24,1,1
2025-11-16 20:30:15.305835,0.269,0.545,16,36.2,1,1
2025-11-16 20:30:15.336787,0.285,0.545,16,36.16,1,1
2025-11-16 20:30:15.384722,0.263,0.595,16,36.09,1,1
2025-11-16 20:30:15.421178,0.275,0.622,16,36.04,1,1
2025-11-16 20:30:15.451332,0.289,0.661,16,36.0,1,1
2025-11-16 20:30:15.481885,0.256,0.676,16,35.96,1,1
2025-11-16 20:30:15.513799,0.246,0.733,16,35.92,1,1
2025-11-16 20:30:15.547011,0.246,0.74,16,35.88,1,1
2025-11-16 20:30:15.578268,0.246,0.651,16,35.83,1,1
2025-11-16 20:30:15.609324,0.263,0.725,16,35.79,1,1
2025-11-16 20:30:15.643848,0.258,0.675,16,35.74,1,1
2025-11-16 20:30:15.675535,0.263,0.722,16,35.7,1,1
2025-11-16 20:30:15.705975,0.255,0.732,16,35.66,1,1
2025-11-16 20:30:15.752126,0.274,0.74,16,35.6,1,1
2025-11-16 20:30:15.785673,0.271,0.745,16,35.56,1,1
2025-11-16 20:30:15.816464,0.265,0.781,16,35.52,1,1
2025-11-16 20:30:15.855023,0.267,0.782,16,35.47,1,1
2025-11-16 20:30:15.882489,0.251,0.805,16,35.43,1,1
2025-11-16 20:30:15.912859,0.243,0.824,16,35.39,1,1
2025-11-16 20:30:15.946124,0.262,0.805,16,35.35,1,1
2025-11-16 20:30:15.977615,0.263,0.825,16,35.31,1,1
2025-11-16 20:30:16.010161,0.25,0.899,16,35.26,1,1
2025-11-16 20:30:16.044387,0.271,0.896,16,35.22,1,1
2025-11-16 20:30:16.089605,0.251,0.921,16,35.16,1,1
2025-11-16 20:30:16.121410,0.278,1.002,16,35.12,1,1
2025-11-16 20:30:16.153788,0.249,0.974,16,35.08,1,1
2025-11-16 20:30:16.186192,0.258,1.027,16,35.04,1,1
2025-11-16 20:30:16.217408,0.269,0.975,16,35.0,1,1
2025-11-16 20:30:16.250149,0.273,0.976,16,34.96,1,1
2025-11-16 20:30:16.285665,0.282,1.002,16,34.91,1,1
2025-11-16 20:30:16.314793,0.287,1.003,16,34.87,1,1
2025-11-16 20:30:16.344834,0.267,0.977,16,34.84,1,1
2025-11-16 20:30:16.376902,0.249,0.978,16,34.79,1,1
2025-11-16 20:30:16.408489,0.241,0.903,16,34.75,1,1
2025-11-16 20:30:16.457932,0.068,0.905,16,34.69,1,1
2025-11-16 20:30:16.492999,0.051,0.873,16,34.65,1,1
2025-11-16 20:30:16.519811,0.094,0.816,16,34.62,1,1
2025-11-16 20:30:16.552883,0.127,0.669,16,34.58,1,1
2025-11-16 20:30:16.584135,0.175,0.585,17,36.7,1,2
2025-11-16 20:30:16.613423,0.222,0.519,17,36.66,1,2
2025-11-16 20:30:16.642042,0.203,0.401,17,36.62,1,2
2025-11-16 20:30:16.679398,0.268,0.365,17,36.57,1,2
2025-11-16 20:30:16.715347,0.25,0.333,17,36.52,1,2
2025-11-16 20:30:16.743824,0.248,0.298,17,36.48,1,2
2025-11-16 20:30:16.776570,0.236,0.244,17,36.44,1,2
2025-11-16 20:30:16.825094,0.26,0.244,17,36.38,1,2
2025-11-16 20:30:16.857724,0.255,0.225,17,36.34,1,2
2025-11-16 20:30:16.893775,0.266,0.222,17,36.29,1,2
2025-11-16 20:30:16.926130,0.236,0.247,17,36.25,1,2
2025-11-16 20:30:16.947132,0.271,0.222,17,36.22,1,2
2025-11-16 20:30:16.977641,0.275,0.239,17,36.18,1,2
2025-11-16 20:30:17.011201,0.251,0.222,17,36.14,1,2
2025-11-16 20:30:17.042706,0.065,0.222,17,36.1,1,2
2025-11-16 20:30:17.079779,0.042,0.218,17,36.05,1,2
2025-11-16 20:30:17.116583,0.074,0.196,17,36.0,1,2
2025-11-16 20:30:17.158828,0.165,0.167,18,38.07,1,2
2025-11-16 20:30:17.193073,0.2,0.154,18,38.02,1,2
2025-11-16 20:30:17.224929,0.238,0.132,18,37.98,1,2
2025-11-16 20:30:17.258371,0.247,0.147,18,37.93,1,2
2025-11-16 20:30:17.287972,0.254,0.134,18,37.89,1,2
2025-11-16 20:30:17.321403,0.258,0.15,18,37.85,1,2
2025-11-16 20:30:17.347772,0.273,0.13,18,37.81,1,2
2025-11-16 20:30:17.387447,0.25,0.067,18,37.76,1,2
2025-11-16 20:30:17.418446,0.258,0.0,18,37.72,1,2
2025-11-16 20:30:17.449570,0.248,0.022,18,37.68,1,2
2025-11-16 20:30:17.464979,0.242,0.0,18,37.66,1,2
2025-11-16 20:30:17.529634,0.261,0.0,18,37.58,1,2
2025-11-16 20:30:17.564715,0.27,0.0,18,37.53,1,2
2025-11-16 20:30:17.592779,0.27,0.032,18,37.49,1,2
2025-11-16 20:30:17.627240,0.278,0.0,18,37.45,1,2
2025-11-16 20:30:17.657904,0.276,0.0,18,37.41,1,2
2025-11-16 20:30:17.689651,0.271,0.0,18,37.37,1,2
2025-11-16 20:30:17.722395,0.252,0.0,18,37.33,1,2
2025-11-16 20:30:17.754317,0.082,0.0,18,37.28,1,2
2025-11-16 20:30:17.789294,0.019,0.0,18,37.24,1,2
2025-11-16 20:30:17.818651,0.019,0.0,18,37.2,1,2
2025-11-16 20:30:17.841253,0.019,0.0,18,37.17,1,2
2025-11-16 20:30:17.855311,0.083,0.0,18,37.15,1,2
2025-11-16 20:30:17.929945,0.186,0.148,19,39.12,1,2
2025-11-16 20:30:17.962479,0.218,0.17,19,39.07,1,2
2025-11-16 20:30:17.997444,0.267,0.181,19,39.03,1,2
2025-11-16 20:30:18.026729,0.251,0.026,19,38.99,1,2
2025-11-16 20:30:18.056598,0.249,0.0,19,38.95,1,2
2025-11-16 20:30:18.089003,0.277,0.026,19,38.9,1,2
2025-11-16 20:30:18.121105,0.285,0.035,19,38.86,1,2
2025-11-16 20:30:18.152219,0.257,0.0,19,38.82,1,2
2025-11-16 20:30:18.191324,0.29,0.0,19,38.77,1,2
2025-11-16 20:30:18.212113,0.274,0.0,19,38.74,1,2
2025-11-16 20:30:18.233113,0.267,0.0,19,38.72,1,2
2025-11-16 20:30:18.265695,0.263,0.033,19,38.67,1,2
2025-11-16 20:30:18.297467,0.271,0.022,19,38.63,1,2
2025-11-16 20:30:18.357090,0.277,0.0,19,38.55,1,2
2025-11-16 20:30:18.390091,0.261,0.031,19,38.51,1,2
2025-11-16 20:30:18.429178,0.253,0.022,19,38.46,1,2
2025-11-16 20:30:18.458735,0.263,0.0,19,38.42,1,2
2025-11-16 20:30:18.489078,0.263,0.0,19,38.38,1,2
2025-11-16 20:30:18.524199,0.263,0.0,19,38.34,1,2
2025-11-16 20:30:18.537196,0.265,0.0,19,38.32,1,2
2025-11-16 20:30:18.551296,0.252,0.022,19,38.3,1,2
2025-11-16 20:30:18.602980,0.231,0.0,19,38.24,1,2
2025-11-16 20:30:18.637439,0.191,0.0,19,38.19,1,2
2025-11-16 20:30:18.665844,0.049,0.021,19,38.15,1,2
2025-11-16 20:30:18.729278,0.057,0.0,19,38.07,1,2
2025-11-16 20:30:18.761392,0.107,0.0,19,38.03,1,2
2025-11-16 20:30:18.795795,0.157,0.0,20,39.99,1,2
2025-11-16 20:30:18.827691,0.212,0.022,20,39.95,1,2
2025-11-16 20:30:18.861688,0.245,0.0,20,39.9,1,2
2025-11-16 20:30:18.891913,0.241,0.0,20,39.86,1,2
2025-11-16 20:30:18.904912,0.248,0.022,20,39.84,1,2
2025-11-16 20:30:18.924447,0.273,0.0,20,39.82,1,2
2025-11-16 20:30:18.969782,0.253,0.0,20,39.76,1,2
2025-11-16 20:30:19.001295,0.265,0.021,20,39.72,1,2
2025-11-16 20:30:19.033302,0.26,0.0,20,39.67,1,2
2025-11-16 20:30:19.069379,0.265,0.0,20,39.63,1,2
2025-11-16 20:30:19.097233,0.263,0.0,20,39.59,1,2
2025-11-16 20:30:19.160134,0.065,0.0,20,39.51,1,2
2025-11-16 20:30:19.193824,0.052,0.0,20,39.46,1,2
2025-11-16 20:30:19.225242,0.057,0.0,20,39.42,1,2
2025-11-16 20:30:19.263642,0.047,0.0,20,39.37,1,2
2025-11-16 20:30:19.277532,0.046,0.0,20,39.36,1,2
2025-11-16 20:30:19.305013,0.051,0.021,20,39.32,1,2
2025-11-16 20:30:19.336724,0.049,0.0,20,39.28,1,2
2025-11-16 20:30:19.369838,0.047,0.0,20,39.24,1,2
2025-11-16 20:30:19.401523,0.047,0.021,20,39.2,1,2
2025-11-16 20:30:19.433018,0.046,0.0,20,39.16,1,2
2025-11-16 20:30:19.465050,0.055,0.0,20,39.12,1,2
2025-11-16 20:30:19.500738,0.176,0.0,21,41.02,1,2
2025-11-16 20:30:19.561770,0.269,0.022,21,40.94,1,2
2025-11-16 20:30:19.594958,0.265,0.022,21,40.9,1,2
2025-11-16 20:30:19.608958,0.267,0.0,21,40.88,1,2
2025-11-16 20:30:19.622955,0.276,0.022,21,40.86,1,2
2025-11-16 20:30:19.674744,0.267,0.0,21,40.79,1,2
2025-11-16 20:30:19.710045,0.257,0.0,21,40.75,1,2
2025-11-16 20:30:19.736778,0.275,0.021,21,40.71,1,2
2025-11-16 20:30:19.770837,0.265,0.0,21,40.67,1,2
2025-11-16 20:30:19.800775,0.257,0.0,21,40.63,1,2
2025-11-16 20:30:19.833483,0.273,0.022,21,40.58,1,2
2025-11-16 20:30:19.865925,0.265,0.0,21,40.54,1,2
2025-11-16 20:30:19.896385,0.28,0.0,21,40.5,1,2
2025-11-16 20:30:19.962697,0.256,0.0,21,40.42,1,2
2025-11-16 20:30:19.976688,0.243,0.0,21,40.4,1,2
2025-11-16 20:30:19.991794,0.082,0.0,21,40.38,1,2
2025-11-16 20:30:20.040952,0.066,0.0,21,40.31,1,2
2025-11-16 20:30:20.073058,0.048,0.021,21,40.27,1,2
2025-11-16 20:30:20.107008,0.043,0.021,21,40.23,1,2
2025-11-16 20:30:20.141135,0.043,0.0,21,40.19,1,2
2025-11-16 20:30:20.169232,0.049,0.0,21,40.15,1,2
2025-11-16 20:30:20.200776,0.048,0.0,21,40.11,1,2
2025-11-16 20:30:20.233265,0.036,0.0,21,40.07,1,2
2025-11-16 20:30:20.265750,0.036,0.0,21,40.03,1,2
2025-11-16 20:30:20.297880,0.049,0.0,21,39.99,1,2
2025-11-16 20:30:20.331533,0.041,0.0,21,39.94,1,2
2025-11-16 20:30:20.377779,0.044,0.0,21,39.88,1,2
2025-11-16 20:30:20.411389,0.044,0.0,21,39.84,1,2
2025-11-16 20:30:20.441824,0.052,0.0,21,39.8,1,2
2025-11-16 20:30:20.474771,0.052,0.0,21,39.76,1,2
2025-11-16 20:30:20.506404,0.049,0.0,21,39.72,1,2
2025-11-16 20:30:20.537904,0.061,0.0,21,39.68,1,2
2025-11-16 20:30:20.573611,0.061,0.0,21,39.64,1,2
2025-11-16 20:30:20.602983,0.053,0.0,21,39.6,2,2
2025-11-16 20:30:20.628976,0.043,0.0,21,39.57,2,2
2025-11-16 20:30:20.662499,0.044,0.0,21,39.53,2,2
2025-11-16 20:30:20.694389,0.036,0.0,21,39.49,2,2
2025-11-16 20:30:20.745460,0.037,0.0,21,39.43,2,2
2025-11-16 20:30:20.781665,0.072,0.0,21,39.38,2,2
2025-11-16 20:30:20.812663,0.053,0.0,21,39.34,2,2
2025-11-16 20:30:20.841019,0.076,0.0,21,39.31,2,2
2025-11-16 20:30:20.874274,0.066,0.0,21,39.27,2,2
2025-11-16 20:30:20.904756,0.04,0.0,21,39.23,2,2
2025-11-16 20:30:20.936670,0.046,0.0,21,39.19,2,2
2025-11-16 20:30:20.968796,0.046,0.0,21,39.15,2,2
2025-11-16 20:30:20.999783,0.066,0.0,21,39.12,2,2
2025-11-16 20:30:21.025783,0.075,0.0,21,39.08,2,2
2025-11-16 20:30:21.059637,0.074,0.0,21,39.04,2,2
2025-11-16 20:30:21.105669,0.046,0.022,21,38.99,2,2
2025-11-16 20:30:21.143982,0.05,0.0,21,38.94,2,2
2025-11-16 20:30:21.178130,0.044,0.0,21,38.9,2,2
2025-11-16 20:30:21.207650,0.073,0.0,21,38.86,2,2
2025-11-16 20:30:21.243466,0.048,0.0,21,38.82,3,2
2025-11-16 20:30:21.267884,0.057,0.0,21,38.79,3,2
2025-11-16 20:30:21.299839,0.046,0.0,21,38.75,3,2
2025-11-16 20:30:21.333197,0.049,0.0,21,38.71,3,2
2025-11-16 20:30:21.370908,0.061,0.0,21,38.67,3,2
2025-11-16 20:30:21.405308,0.07,0.0,21,38.63,3,2
2025-11-16 20:30:21.448012,0.056,0.0,21,38.58,3,2
2025-11-16 20:30:21.482924,0.169,0.0,22,40.37,3,2
2025-11-16 20:30:21.512619,0.231,0.0,22,40.34,3,2
2025-11-16 20:30:21.545304,0.278,0.0,22,40.3,3,2
2025-11-16 20:30:21.577594,0.256,0.022,22,40.26,3,2
2025-11-16 20:30:21.611191,0.273,0.0,22,40.21,3,2
2025-11-16 20:30:21.646307,0.28,0.0,22,40.17,3,2
2025-11-16 20:30:21.674521,0.274,0.0,22,40.14,3,2
2025-11-16 20:30:21.707145,0.288,0.0,22,40.1,3,2
2025-11-16 20:30:21.738844,0.275,0.0,22,40.06,3,2
2025-11-16 20:30:21.769822,0.288,0.0,22,40.02,3,2
2025-11-16 20:30:21.818066,0.271,0.021,22,39.96,3,2
2025-11-16 20:30:21.853324,0.275,0.0,22,39.92,3,2
2025-11-16 20:30:21.882981,0.288,0.0,22,39.88,3,2
2025-11-16 20:30:21.914585,0.285,0.0,22,39.85,3,2
2025-11-16 20:30:21.944970,0.282,0.0,22,39.81,3,2
2025-11-16 20:30:21.979760,0.286,0.0,22,39.77,3,2
2025-11-16 20:30:22.011355,0.281,0.0,22,39.73,3,2
2025-11-16 20:30:22.044349,0.285,0.0,22,39.69,3,2
2025-11-16 20:30:22.078048,0.293,0.0,22,39.65,3,2
2025-11-16 20:30:22.106182,0.281,0.0,22,39.62,3,2
2025-11-16 20:30:22.139299,0.282,0.0,22,39.58,3,2
2025-11-16 20:30:22.186998,0.285,0.0,22,39.52,3,2
2025-11-16 20:30:22.217320,0.282,0.0,22,39.49,3,2
2025-11-16 20:30:22.250109,0.285,0.0,22,39.45,3,2
2025-11-16 20:30:22.277710,0.302,0.0,22,39.41,3,2
2025-11-16 20:30:22.316021,0.258,0.0,22,39.37,3,2
2025-11-16 20:30:22.345893,0.274,0.0,22,39.33,3,2
2025-11-16 20:30:22.376572,0.259,0.0,22,39.3,3,2
2025-11-16 20:30:22.410783,0.297,0.0,22,39.26,3,2
2025-11-16 20:30:22.441940,0.283,0.0,22,39.22,3,2
2025-11-16 20:30:22.476169,0.266,0.0,22,39.18,3,2
2025-11-16 20:30:22.522878,0.29,0.0,22,39.13,3,2
2025-11-16 20:30:22.552685,0.278,0.0,22,39.09,3,2
2025-11-16 20:30:22.586488,0.283,0.0,22,39.05,3,2
2025-11-16 20:30:22.618596,0.273,0.0,22,39.02,3,2
2025-11-16 20:30:22.649672,0.27,0.0,22,38.98,3,2
2025-11-16 20:30:22.680956,0.27,0.0,22,38.94,3,2
2025-11-16 20:30:22.717524,0.279,0.022,22,38.9,3,2
2025-11-16 20:30:22.745389,0.289,0.0,22,38.87,3,2
2025-11-16 20:30:22.776783,0.292,0.0,22,38.83,3,2
2025-11-16 20:30:22.812105,0.291,0.0,22,38.8,3,2
2025-11-16 20:30:22.847187,0.288,0.0,22,38.76,3,2
2025-11-16 20:30:22.892619,0.279,0.022,22,38.7,3,2
2025-11-16 20:30:22.917136,0.307,0.022,22,38.67,3,2
2025-11-16 20:30:22.952659,0.294,0.023,22,38.64,3,2
2025-11-16 20:30:22.984929,0.294,0.0,22,38.6,3,2
2025-11-16 20:30:23.016303,0.302,0.0,22,38.56,3,2
2025-11-16 20:30:23.048808,0.302,0.0,22,38.53,3,2
2025-11-16 20:30:23.080901,0.291,0.0,22,38.49,3,2
2025-11-16 20:30:23.113402,0.286,0.0,22,38.45,3,2
2025-11-16 20:30:23.147305,0.294,0.022,22,38.42,3,2
2025-11-16 20:30:23.179355,0.289,0.0,22,38.38,3,2
2025-11-16 20:30:23.210952,0.275,0.0,22,38.34,3,2
2025-11-16 20:30:23.256734,0.286,0.0,22,38.29,3,2
2025-11-16 20:30:23.288792,0.274,0.0,22,38.26,3,2
2025-11-16 20:30:23.322568,0.284,0.023,22,38.22,3,2
2025-11-16 20:30:23.357129,0.291,0.0,22,38.18,3,2
2025-11-16 20:30:23.384477,0.276,0.0,22,38.15,3,2
2025-11-16 20:30:23.418375,0.266,0.0,22,38.12,3,2
2025-11-16 20:30:23.448914,0.275,0.0,22,38.08,3,2
2025-11-16 20:30:23.481818,0.266,0.0,22,38.05,3,2
2025-11-16 20:30:23.514202,0.267,0.0,22,38.01,3,2
2025-11-16 20:30:23.550455,0.291,0.0,22,37.97,3,2
2025-11-16 20:30:23.596258,0.269,0.0,22,37.92,3,2
2025-11-16 20:30:23.626775,0.296,0.0,22,37.89,3,2
2025-11-16 20:30:23.659549,0.283,0.0,22,37.85,3,2
2025-11-16 20:30:23.690757,0.293,0.0,22,37.82,3,2
2025-11-16 20:30:23.722222,0.286,0.022,22,37.78,3,2
2025-11-16 20:30:23.753654,0.286,0.0,22,37.75,3,2
2025-11-16 20:30:23.789702,0.292,0.0,22,37.71,3,2
2025-11-16 20:30:23.817929,0.289,0.0,22,37.68,3,2
2025-11-16 20:30:23.851547,0.29,0.0,22,37.64,3,2
2025-11-16 20:30:23.881870,0.288,0.0,22,37.61,3,2
2025-11-16 20:30:23.913654,0.291,0.0,22,37.58,3,2
2025-11-16 20:30:23.958663,0.218,0.0,22,37.53,3,2
2025-11-16 20:30:23.995574,0.064,0.0,22,37.49,3,2
2025-11-16 20:30:24.026730,0.06,0.0,22,37.46,3,2
2025-11-16 20:30:24.059264,0.059,0.022,22,37.42,3,2
2025-11-16 20:30:24.090088,0.042,0.0,22,37.39,3,2
2025-11-16 20:30:24.123990,0.035,0.0,22,37.36,3,2
2025-11-16 20:30:24.153961,0.053,0.0,22,37.32,3,2
2025-11-16 20:30:24.185911,0.051,0.022,22,37.29,3,2
2025-11-16 20:30:24.222666,0.045,0.0,22,37.25,3,2
2025-11-16 20:30:24.250181,0.031,0.0,22,37.22,3,2
2025-11-16 20:30:24.262175,0.039,0.0,22,37.21,3,2
2025-11-16 20:30:24.329325,0.191,0.023,23,38.83,3,2
2025-11-16 20:30:24.361826,0.206,0.0,23,38.79,3,2
2025-11-16 20:30:24.393905,0.226,0.022,23,38.76,3,2
2025-11-16 20:30:24.430172,0.25,0.0,23,38.72,3,2
2025-11-16 20:30:24.457354,0.26,0.0,23,38.69,3,2
2025-11-16 20:30:24.489782,0.245,0.0,23,38.65,3,2
2025-11-16 20:30:24.522335,0.282,0.0,23,38.62,3,2
2025-11-16 20:30:24.552952,0.261,0.022,23,38.58,3,2
2025-11-16 20:30:24.585030,0.264,0.0,23,38.55,3,2
2025-11-16 20:30:24.621245,0.27,0.0,23,38.51,3,2
2025-11-16 20:30:24.635228,0.256,0.0,23,38.5,3,2
2025-11-16 20:30:24.665062,0.284,0.0,23,38.46,3,2
2025-11-16 20:30:24.697214,0.253,0.0,23,38.43,3,2
2025-11-16 20:30:24.763478,0.286,0.0,23,38.36,3,2
2025-11-16 20:30:24.792011,0.287,0.0,23,38.33,3,2
2025-11-16 20:30:24.824909,0.286,0.023,23,38.29,3,2
2025-11-16 20:30:24.861978,0.291,0.0,23,38.25,3,2
2025-11-16 20:30:24.890344,0.279,0.0,23,38.22,3,2
2025-11-16 20:30:24.924178,0.262,0.0,23,38.19,3,2
2025-11-16 20:30:24.955702,0.288,0.0,23,38.15,3,2
2025-11-16 20:30:24.967695,0.288,0.0,23,38.14,3,2
2025-11-16 20:30:24.986627,0.274,0.0,23,38.12,3,2
2025-11-16 20:30:25.034502,0.274,0.0,23,38.07,3,2
2025-11-16 20:30:25.070726,0.275,0.0,23,38.03,3,2
2025-11-16 20:30:25.099784,0.297,0.023,23,38.0,3,2
2025-11-16 20:30:25.161783,0.287,0.0,23,37.94,3,2
2025-11-16 20:30:25.192462,0.286,0.0,23,37.91,3,2
2025-11-16 20:30:25.225883,0.284,0.0,23,37.87,3,2
2025-11-16 20:30:25.256643,0.288,0.0,23,37.84,3,2
2025-11-16 20:30:25.292998,0.296,0.0,23,37.8,3,2
2025-11-16 20:30:25.323269,0.283,0.0,23,37.77,3,2
2025-11-16 20:30:25.336903,0.287,0.0,23,37.76,3,2
2025-11-16 20:30:25.368963,0.272,0.0,23,37.72,3,2
2025-11-16 20:30:25.400930,0.297,0.023,23,37.69,3,2
2025-11-16 20:30:25.433068,0.274,0.0,23,37.66,3,2
2025-11-16 20:30:25.465897,0.274,0.0,23,37.62,3,2
2025-11-16 20:30:25.502156,0.291,0.0,23,37.59,3,2
2025-11-16 20:30:25.560601,0.286,0.0,23,37.53,3,2
2025-11-16 20:30:25.592995,0.303,0.0,23,37.49,3,2
2025-11-16 20:30:25.624391,0.302,0.0,23,37.46,3,2
2025-11-16 20:30:25.657787,0.299,0.0,23,37.43,3,2
2025-11-16 20:30:25.695699,0.315,0.0,23,37.39,3,2
2025-11-16 20:30:25.710889,0.307,0.0,23,37.37,3,2
2025-11-16 20:30:25.738637,0.302,0.0,23,37.35,3,2
2025-11-16 20:30:25.771800,0.294,0.0,23,37.31,3,2
2025-11-16 20:30:25.801992,0.305,0.0,23,37.28,3,2
2025-11-16 20:30:25.834287,0.314,0.0,23,37.25,3,2
2025-11-16 20:30:25.864488,0.303,0.023,23,37.22,3,2
2025-11-16 20:30:25.896714,0.288,0.022,23,37.19,3,2
2025-11-16 20:30:25.967984,0.314,0.0,23,37.12,3,2
2025-11-16 20:30:25.992970,0.304,0.023,23,37.09,3,2
2025-11-16 20:30:26.025833,0.299,0.022,23,37.06,3,2
2025-11-16 20:30:26.039029,0.303,0.0,23,37.04,3,2
2025-11-16 20:30:26.057621,0.284,0.0,23,37.03,3,2
2025-11-16 20:30:26.107410,0.287,0.0,23,36.98,3,2
2025-11-16 20:30:26.141870,0.296,0.0,23,36.94,3,2
2025-11-16 20:30:26.169810,0.301,0.0,23,36.91,3,2
2025-11-16 20:30:26.204439,0.293,0.0,23,36.88,3,2
2025-11-16 20:30:26.235460,0.292,0.0,23,36.85,3,2
2025-11-16 20:30:26.266190,0.291,0.0,23,36.82,3,2
2025-11-16 20:30:26.298241,0.292,0.0,23,36.79,3,2
2025-11-16 20:30:26.364011,0.317,0.0,23,36.73,3,2
2025-11-16 20:30:26.393458,0.311,0.0,23,36.7,3,2
2025-11-16 20:30:26.412873,0.311,0.0,23,36.68,3,2
2025-11-16 20:30:26.438770,0.314,0.0,23,36.65,3,2
2025-11-16 20:30:26.473166,0.296,0.023,23,36.62,3,2
2025-11-16 20:30:26.505305,0.291,0.0,23,36.59,3,2
2025-11-16 20:30:26.536453,0.299,0.023,23,36.56,3,2
2025-11-16 20:30:26.568912,0.215,0.023,23,36.52,3,2
2025-11-16 20:30:26.597961,0.071,0.0,23,36.5,3,2
2025-11-16 20:30:26.632712,0.057,0.0,23,36.46,3,2
2025-11-16 20:30:26.664015,0.082,0.0,23,36.43,3,2
2025-11-16 20:30:26.695469,0.201,0.0,24,37.99,3,2
2025-11-16 20:30:26.728237,0.255,0.0,24,37.95,3,2
2025-11-16 20:30:26.762012,0.272,0.0,24,37.92,3,2
2025-11-16 20:30:26.807527,0.276,0.0,24,37.87,3,2
2025-11-16 20:30:26.840450,0.289,0.0,24,37.84,3,2
2025-11-16 20:30:26.872911,0.288,0.0,24,37.81,3,2
2025-11-16 20:30:26.904919,0.296,0.023,24,37.78,3,2
2025-11-16 20:30:26.937439,0.284,0.023,24,37.74,3,2
2025-11-16 20:30:26.969456,0.302,0.0,24,37.71,3,2
2025-11-16 20:30:27.005689,0.301,0.0,24,37.68,3,2
2025-11-16 20:30:27.033314,0.301,0.022,24,37.65,3,2
2025-11-16 20:30:27.065456,0.293,0.0,24,37.62,3,2
2025-11-16 20:30:27.099479,0.3,0.0,24,37.59,3,2
2025-11-16 20:30:27.130970,0.295,0.023,24,37.56,3,2
2025-11-16 20:30:27.177376,0.286,0.0,24,37.51,3,2
2025-11-16 20:30:27.212839,0.296,0.022,24,37.47,3,2
2025-11-16 20:30:27.241579,0.298,0.0,24,37.45,3,2
2025-11-16 20:30:27.267606,0.301,0.023,24,37.42,3,2
2025-11-16 20:30:27.307253,0.3,0.023,24,37.38,3,2
2025-11-16 20:30:27.340519,0.3,0.0,24,37.35,3,2
2025-11-16 20:30:27.372795,0.307,0.0,24,37.32,3,2
2025-11-16 20:30:27.400997,0.29,0.023,24,37.29,3,2
2025-11-16 20:30:27.438388,0.31,0.023,24,37.26,3,2
2025-11-16 20:30:27.465744,0.314,0.0,24,37.23,3,2
2025-11-16 20:30:27.512982,0.295,0.023,24,37.18,3,2
2025-11-16 20:30:27.545849,0.283,0.0,24,37.15,3,2
2025-11-16 20:30:27.576889,0.286,0.0,24,37.12,3,2
2025-11-16 20:30:27.609046,0.279,0.0,24,37.09,3,2
2025-11-16 20:30:27.644199,0.283,0.0,24,37.06,3,2
2025-11-16 20:30:27.672415,0.278,0.0,24,37.03,3,2
2025-11-16 20:30:27.706223,0.282,0.0,24,37.0,3,2
2025-11-16 20:30:27.738409,0.247,0.0,24,36.97,3,2
2025-11-16 20:30:27.769827,0.11,0.0,24,36.94,3,2
2025-11-16 20:30:27.801871,0.059,0.0,24,36.91,3,2
2025-11-16 20:30:27.836929,0.099,0.023,24,36.88,3,2
2025-11-16 20:30:27.882587,0.18,0.0,25,38.37,3,2
2025-11-16 20:30:27.912899,0.204,0.0,25,38.34,3,2
2025-11-16 20:30:27.946360,0.23,0.0,25,38.31,3,2
2025-11-16 20:30:27.976834,0.257,0.0,25,38.27,3,2
2025-11-16 20:30:28.009501,0.258,0.0,25,38.24,3,2
2025-11-16 20:30:28.042268,0.266,0.0,25,38.21,3,2
2025-11-16 20:30:28.077942,0.283,0.0,25,38.18,3,2
2025-11-16 20:30:28.104968,0.288,0.0,25,38.15,3,2
2025-11-16 20:30:28.137796,0.291,0.0,25,38.12,3,2
2025-11-16 20:30:28.171747,0.293,0.0,25,38.09,3,2
2025-11-16 20:30:28.201304,0.288,0.0,25,38.06,3,2
2025-11-16 20:30:28.249787,0.283,0.0,25,38.01,3,2
2025-11-16 20:30:28.278786,0.293,0.0,25,37.98,3,2
2025-11-16 20:30:28.312797,0.273,0.0,25,37.95,3,2
2025-11-16 20:30:28.344054,0.269,0.024,25,37.92,3,2
2025-11-16 20:30:28.376657,0.21,0.023,25,37.89,3,2
2025-11-16 20:30:28.409891,0.175,0.023,25,37.86,3,2
2025-11-16 20:30:28.443213,0.096,0.0,25,37.82,3,2
2025-11-16 20:30:28.476744,0.103,0.0,25,37.79,3,2
2025-11-16 20:30:28.508886,0.119,0.0,25,37.76,3,2
2025-11-16 20:30:28.539140,0.097,0.0,25,37.73,3,2
2025-11-16 20:30:28.585211,0.088,0.0,25,37.69,3,2
2025-11-16 20:30:28.616476,0.076,0.0,25,37.66,3,2
2025-11-16 20:30:28.651620,0.077,0.024,25,37.63,3,2
2025-11-16 20:30:28.681875,0.081,0.0,25,37.6,3,2
2025-11-16 20:30:28.717841,0.094,0.0,25,37.57,3,2
2025-11-16 20:30:28.744571,0.079,0.0,25,37.54,3,2
2025-11-16 20:30:28.779076,0.092,0.0,25,37.51,3,2
2025-11-16 20:30:28.810421,0.106,0.023,25,37.48,3,2
2025-11-16 20:30:28.841728,0.143,0.0,26,38.95,3,2
2025-11-16 20:30:28.873996,0.248,0.025,26,38.92,3,2
2025-11-16 20:30:28.904670,0.278,0.0,26,38.89,3,2
2025-11-16 20:30:28.953890,0.288,0.024,26,38.84,3,2
